{
  "uid" : "b1a8273437954620fa374b796ffaacdd",
  "name" : "behaviors",
  "children" : [ {
    "name" : "测试test_demo",
    "children" : [ {
      "name" : "测试登录",
      "uid" : "4fb507cecc6d18a4",
      "parentUid" : "304ac54e4c774f328d95f87e12deba80",
      "status" : "passed",
      "time" : {
        "start" : 1605783929769,
        "stop" : 1605783938933,
        "duration" : 9164
      },
      "flaky" : false,
      "newFailed" : false,
      "parameters" : [ ]
    } ],
    "uid" : "304ac54e4c774f328d95f87e12deba80"
  } ]
}