{
  "uid" : "83edc06c07f9ae9e47eb6dd1b683e4e2",
  "name" : "packages",
  "children" : [ {
    "name" : "test_case.test_demo",
    "children" : [ {
      "name" : "测试登录",
      "uid" : "4fb507cecc6d18a4",
      "parentUid" : "49eaf1e5fa1274a732540852c07b6aca",
      "status" : "passed",
      "time" : {
        "start" : 1605783929769,
        "stop" : 1605783938933,
        "duration" : 9164
      },
      "flaky" : false,
      "newFailed" : false,
      "parameters" : [ ]
    } ],
    "uid" : "test_case.test_demo"
  } ]
}