{
  "uid" : "98d3104e051c652961429bf95fa0b5d6",
  "name" : "suites",
  "children" : [ {
    "name" : "test_case",
    "children" : [ {
      "name" : "test_demo",
      "children" : [ {
        "name" : "TestLogin",
        "children" : [ {
          "name" : "测试登录",
          "uid" : "4fb507cecc6d18a4",
          "parentUid" : "8fcb199c254597ece72e3513fb3e891d",
          "status" : "passed",
          "time" : {
            "start" : 1605783929769,
            "stop" : 1605783938933,
            "duration" : 9164
          },
          "flaky" : false,
          "newFailed" : false,
          "parameters" : [ ]
        } ],
        "uid" : "8fcb199c254597ece72e3513fb3e891d"
      } ],
      "uid" : "c7a2467075ab012eb74405a5dbb56e0c"
    } ],
    "uid" : "86abcc46617c603d802c3e378b13740e"
  } ]
}