{
  "uid" : "ab17fc5a4eb3bca4b216b548c7f9fcbc",
  "name" : "timeline",
  "children" : [ {
    "name" : "BF-202006141830",
    "children" : [ {
      "name" : "17568-MainThread",
      "children" : [ {
        "name" : "测试登录",
        "uid" : "4fb507cecc6d18a4",
        "parentUid" : "a7638346a7f52032d6bda12e9707f14f",
        "status" : "passed",
        "time" : {
          "start" : 1605783929769,
          "stop" : 1605783938933,
          "duration" : 9164
        },
        "flaky" : false,
        "newFailed" : false,
        "parameters" : [ ]
      } ],
      "uid" : "a7638346a7f52032d6bda12e9707f14f"
    } ],
    "uid" : "d56d36c3195b7fa3408f043fed7114f2"
  } ]
}