{
	"订单基本信息": {
		"保单类型": "自保件",
		"渠道来源": "PAT",
		"保单首年保费": 10000,
		"订单号": "1234"
	},
	"投保基本信息1": {
		"产品名称": "爱心人寿增爱一生终身寿险B款",
		"产品代码": "ATWB04",
		"产品类型": "分红产品",
		"产品种类": "主险",
		"缴费方式": "年缴",
		"缴费期限": "至55岁",
		"保险期限": "至终身",
		"首期保费": "10000.00",
		"被保人姓名": "上官",
		"被保人性别": "先生",
		"被保人出生日期": "1991-03-15",
		"被保人年龄": "29",
		"被保人证件类型": "身份证",
		"被保人证件号码": "110115199103150252",
		"被保人电话号码": null,
		"被保人有效通讯地址": null,
		"被保人职业": null,
		"与投保人关系": "父母"
	},
	"销售人员信息": {
		"销售人员工号": "006"
	},
	"投保人信息": {
		"投保人姓名": "上官",
		"投保人性别": "先生",
		"投保人出生日期": "1984-12-15",
		"投保人年龄": "35",
		"投保人证件类型": "身份证",
		"投保人证件号码": "11010019841215731X",
		"投保人电话号码": null,
		"投保人有效通讯地址": null,
		"投保人职业": null
	},
	"补充信息": {
		"双录地点": "6"
	}
}